Agency,State,created on,Amount,Fee,Modified on,Total,misc notes
CO Agency 19_SN only,CO,2020-04-30T18:12:34Z,150.00,8.25,2020-04-30T18:15:24Z,158.25,
CO Agency 19_SN only,CO,2020-04-30T18:12:34Z,150.00,8.25,2020-04-30T18:26:42Z,158.25,
CO Agency 19_SN only,CO,2020-04-30T18:12:34Z,150.00,8.25,2020-04-30T18:27:37Z,158.25,
CO Agency 19_SN only,CO,2020-04-30T18:23:00Z,25.00,1.38,2020-05-01T01:51:46Z,26.38,
CO Agency 19_SN only,CO,2020-04-30T18:23:00Z,25.00,1.38,2020-05-01T02:02:39Z,26.38,
CO Agency 19_SN only,CO,2020-04-30T18:23:00Z,25.00,1.38,2020-05-01T02:03:36Z,26.38,
CO Agency 19_SN only,CO,2020-04-30T18:23:00Z,25.00,1.38,2020-05-01T02:18:23Z,26.38,
CO Agency 19_SN only,CO,2020-04-30T18:23:00Z,25.00,1.38,2020-05-01T02:23:46Z,26.38,
CO Agency 19_SN only,CO,2020-04-30T18:23:00Z,25.00,1.38,2020-05-01T02:41:36Z,26.38,
CO Agency 19_SN only,CO,2020-04-30T18:23:00Z,25.00,1.38,2020-05-01T02:45:00Z,26.38,
CO Agency 19_SN only,CO,2020-04-30T18:23:00Z,25.00,1.38,2020-05-01T12:46:34Z,26.38,
CO Agency 19_SN only,CO,2020-04-30T18:23:00Z,25.00,1.38,2020-05-18T19:06:26Z,26.38,
CO Agency 19_SN only,CO,2020-04-30T18:23:00Z,25.00,1.38,2020-05-18T19:09:23Z,26.38,
CO Agency 19_SN only,CO,2020-04-30T18:23:32Z,50.00,2.75,2020-05-01T01:53:34Z,52.75,
CO Agency 19_SN only,CO,2020-04-30T18:23:32Z,50.00,2.75,2020-05-01T02:03:35Z,52.75,
CO Agency 19_SN only,CO,2020-04-30T18:23:32Z,50.00,2.75,2020-05-05T16:00:52Z,52.75,
CO Agency 19_SN only,CO,2020-04-30T18:24:08Z,25.00,1.38,2020-05-01T01:55:12Z,26.38,
CO Agency 19_SN only,CO,2020-04-30T18:24:08Z,25.00,1.38,2020-05-01T01:57:37Z,26.38,
CO Agency 19_SN only,CO,2020-04-30T18:24:43Z,50.00,2.75,2020-05-05T16:00:34Z,52.75,
CO Agency 19_SN only,CO,2020-04-30T18:29:00Z,100.00,5.50,2020-05-05T16:00:16Z,105.50,
CO Agency 19_SN only,CO,2020-05-05T16:02:15Z,25.00,1.38,2020-05-18T23:49:01Z,26.38,
CO Agency 19_SN only,CO,2020-05-05T16:02:15Z,25.00,1.38,2020-05-18T23:51:21Z,26.38,
CO Agency 19_SN only,CO,2020-05-05T16:03:09Z,25.00,1.38,2020-05-18T23:51:42Z,26.38,
CO Agency 19_SN only,CO,2020-05-05T16:03:09Z,25.00,1.38,2020-05-18T23:52:49Z,26.38,
CO Agency 19_SN only,CO,2020-05-05T16:03:38Z,25.00,1.38,2020-05-18T23:53:08Z,26.38,
CO Agency 19_SN only,CO,2020-05-05T16:03:38Z,25.00,1.38,2020-05-18T23:53:57Z,26.38,
CO Agency 19_SN only,CO,2020-05-05T16:04:07Z,25.00,1.38,2020-06-04T20:55:49Z,26.38,
CO Agency 19_SN only,CO,2020-05-05T16:04:07Z,25.00,1.38,2020-06-04T21:08:29Z,26.38,
CO Agency 19_SN only,CO,2020-05-05T16:04:42Z,25.00,1.38,2020-06-04T20:56:28Z,26.38,
CO Agency 19_SN only,CO,2020-05-05T16:04:42Z,25.00,1.38,2020-06-04T21:11:31Z,26.38,
CO Agency 19_SN only,CO,2020-05-05T16:04:42Z,25.00,1.38,2020-06-04T21:13:33Z,26.38,
CO Agency 19_SN only,CO,2020-05-05T16:05:05Z,25.00,1.38,2020-06-08T18:10:52Z,26.38,
CO Agency 19_SN only,CO,2020-05-05T16:05:05Z,25.00,1.38,2020-06-08T18:11:42Z,26.38,
CO Agency 19_SN only,CO,2020-05-05T16:05:29Z,25.00,1.38,2020-06-28T13:57:39Z,26.38,
CO Agency 19_SN only,CO,2020-05-05T16:05:29Z,25.00,1.38,2020-06-28T13:58:25Z,26.38,
CO Agency 19_SN only,CO,2020-05-05T16:06:05Z,25.00,1.38,2020-07-09T19:12:05Z,26.38,
CO Agency 19_SN only,CO,2020-05-05T16:06:05Z,25.00,1.38,2020-07-09T19:12:41Z,26.38,
CO Agency 19_SN only,CO,2020-05-05T16:07:14Z,25.00,1.38,2020-07-23T18:17:30Z,26.38,
CO Agency 19_SN only,CO,2020-05-05T16:07:14Z,25.00,1.38,2020-07-23T18:18:50Z,26.38,
CO Agency 19_SN only,CO,2020-05-05T17:05:43Z,25.00,1.38,2020-07-23T18:18:50Z,26.38,
CO Agency 19_SN only,CO,2020-05-05T17:05:43Z,25.00,1.38,2020-07-23T18:19:24Z,26.38,
CO Agency 19_SN only,CO,2020-05-05T17:06:06Z,25.00,1.38,2020-07-23T18:21:04Z,26.38,
CO Agency 19_SN only,CO,2020-05-05T17:06:06Z,25.00,1.38,2020-07-23T18:21:49Z,26.38,
CO Agency 19_SN only,CO,2020-05-05T17:06:37Z,25.00,1.38,2020-07-23T18:21:49Z,26.38,
CO Agency 19_SN only,CO,2020-05-05T17:06:37Z,25.00,1.38,2020-07-23T18:22:13Z,26.38,
CO Agency 19_SN only,CO,2020-05-05T17:07:03Z,25.00,1.38,2020-07-24T14:31:54Z,26.38,
CO Agency 19_SN only,CO,2020-05-05T17:07:03Z,25.00,1.38,2020-07-24T14:34:39Z,26.38,
CO Agency 19_SN only,CO,2020-05-05T17:07:25Z,25.00,1.38,2020-07-27T23:51:16Z,26.38,
CO Agency 19_SN only,CO,2020-05-05T17:07:25Z,25.00,1.38,2020-07-27T23:58:09Z,26.38,
CO Agency 19_SN only,CO,2020-05-05T17:07:25Z,25.00,1.38,2020-07-27T23:58:41Z,26.38,
CO Agency 19_SN only,CO,2020-05-05T17:07:25Z,25.00,1.38,2020-07-28T00:52:49Z,26.38,
CO Agency 19_SN only,CO,2020-05-05T17:07:25Z,25.00,1.38,2020-07-29T18:46:17Z,26.38,
CO Agency 19_SN only,CO,2020-05-05T17:07:25Z,25.00,1.38,2020-07-29T18:46:56Z,26.38,
CO Agency 19_SN only,CO,2020-05-05T17:07:47Z,25.00,1.38,2020-07-28T00:01:15Z,26.38,
CO Agency 19_SN only,CO,2020-05-05T17:07:47Z,25.00,1.38,2020-07-28T00:04:21Z,26.38,
CO Agency 19_SN only,CO,2020-05-05T17:08:09Z,25.00,1.38,2020-07-28T00:06:41Z,26.38,
CO Agency 19_SN only,CO,2020-05-05T17:08:09Z,25.00,1.38,2020-07-28T00:08:17Z,26.38,
CO Agency 19_SN only,CO,2020-05-05T17:08:31Z,25.00,1.38,2020-08-10T05:54:38Z,26.38,
CO Agency 19_SN only,CO,2020-05-05T17:08:31Z,25.00,1.38,2020-08-10T05:56:54Z,26.38,
CO Agency 19_SN only,CO,2020-05-05T17:08:52Z,25.00,1.38,2020-09-15T17:16:28Z,26.38,
CO Agency 19_SN only,CO,2020-05-05T17:09:12Z,25.00,1.38,2020-09-15T19:11:27Z,26.38,
CO Agency 19_SN only,CO,2020-05-05T17:09:32Z,25.00,1.38,2020-09-15T19:12:43Z,26.38,
CO Agency 19_SN only,CO,2020-05-05T17:10:02Z,25.00,1.38,2020-09-23T18:12:50Z,26.38,
FL Agency 2_SN only,FL ,2019-08-23T21:50:16Z,60.00,3.30,2020-04-08T23:03:43Z,63.30,this agency closed in 2020
FL Agency 2_SN only,FL ,2019-08-30T02:55:50Z,45.00,2.47,2020-05-30T16:35:04Z,47.47,
FL Agency 2_SN only,FL ,2019-08-30T02:55:50Z,45.00,2.47,2020-05-30T16:35:45Z,47.47,
FL Agency 2_SN only,FL ,2019-08-30T02:56:41Z,45.00,2.47,2020-05-30T16:45:09Z,47.47,
FL Agency 2_SN only,FL ,2019-08-30T02:56:41Z,45.00,2.47,2020-05-30T16:50:31Z,47.47,
FL Agency 2_SN only,FL ,2020-04-08T23:05:14Z,40.00,2.20,2020-05-12T23:20:56Z,42.20,
MD Agency 1_SN only,MD,2019-09-18T20:25:59Z,45.13,2.48,2019-11-23T13:14:34Z,47.61,
MD Agency 1_SN only,MD,2019-09-18T20:25:59Z,45.13,2.48,2019-11-23T23:12:36Z,47.61,
MD Agency 1_SN only,MD,2019-09-18T20:25:59Z,45.13,2.48,2019-11-25T15:22:23Z,47.61,
MD Agency 1_SN only,MD,2019-09-18T20:25:59Z,45.13,2.48,2020-01-29T19:27:09Z,47.61,
MD Agency 1_SN only,MD,2019-09-18T20:25:59Z,45.13,2.48,2020-01-30T00:14:12Z,47.61,
MD Agency 1_SN only,MD,2019-09-18T20:25:59Z,45.13,2.48,2020-02-01T14:59:39Z,47.61,
MD Agency 1_SN only,MD,2019-09-18T20:25:59Z,45.13,2.48,2020-02-01T15:00:32Z,47.61,
MD Agency 1_SN only,MD,2019-09-18T20:26:34Z,45.13,2.48,2019-11-23T13:15:11Z,47.61,
MD Agency 1_SN only,MD,2019-09-18T20:26:34Z,45.13,2.48,2019-11-23T13:15:41Z,47.61,
MD Agency 1_SN only,MD,2019-09-18T20:26:34Z,45.13,2.48,2019-11-23T23:12:19Z,47.61,
MD Agency 1_SN only,MD,2019-09-18T20:26:34Z,45.13,2.48,2020-01-29T19:27:44Z,47.61,
MD Agency 1_SN only,MD,2019-09-18T20:26:34Z,45.13,2.48,2020-01-30T00:14:11Z,47.61,
MD Agency 1_SN only,MD,2019-09-18T20:26:34Z,45.13,2.48,2020-02-19T01:46:43Z,47.61,
MD Agency 1_SN only,MD,2019-09-18T20:26:34Z,45.13,2.48,2020-02-20T20:01:28Z,47.61,
MD Agency 1_SN only,MD,2019-09-18T20:26:34Z,45.13,2.48,2020-02-21T22:53:13Z,47.61,
MD Agency 1_SN only,MD,2019-09-18T20:26:34Z,45.13,2.48,2020-02-22T00:30:05Z,47.61,
MD Agency 1_SN only,MD,2019-09-18T20:26:34Z,45.13,2.48,2020-03-25T19:14:21Z,47.61,
MD Agency 1_SN only,MD,2019-09-18T20:27:16Z,45.13,2.48,2020-01-29T19:28:48Z,47.61,
MD Agency 1_SN only,MD,2019-09-18T20:27:16Z,45.13,2.48,2020-01-30T00:14:11Z,47.61,
MD Agency 1_SN only,MD,2019-09-18T20:27:16Z,45.13,2.48,2020-02-21T22:53:30Z,47.61,
MD Agency 1_SN only,MD,2019-09-18T20:27:16Z,45.13,2.48,2020-02-22T00:30:00Z,47.61,
MD Agency 1_SN only,MD,2019-09-18T20:27:16Z,45.13,2.48,2020-03-25T21:33:15Z,47.61,
MD Agency 1_SN only,MD,2019-09-18T20:27:16Z,45.13,2.48,2020-03-26T02:06:24Z,47.61,
MD Agency 1_SN only,MD,2019-09-18T20:27:16Z,45.13,2.48,2020-04-11T20:12:01Z,47.61,
MD Agency 1_SN only,MD,2019-09-18T20:27:54Z,45.13,2.48,2020-02-21T22:53:50Z,47.61,
MD Agency 1_SN only,MD,2019-09-18T20:27:54Z,45.13,2.48,2020-02-22T00:29:59Z,47.61,
MD Agency 1_SN only,MD,2019-09-18T20:27:54Z,45.13,2.48,2020-03-25T21:33:37Z,47.61,
MD Agency 1_SN only,MD,2019-09-18T20:27:54Z,45.13,2.48,2020-03-26T02:06:24Z,47.61,
MD Agency 1_SN only,MD,2019-09-18T20:27:54Z,45.13,2.48,2020-04-11T20:15:02Z,47.61,
MD Agency 1_SN only,MD,2019-09-18T20:27:54Z,45.13,2.48,2020-04-11T22:45:11Z,47.61,
MD Agency 1_SN only,MD,2019-09-18T20:27:54Z,45.13,2.48,2020-04-14T20:11:38Z,47.61,
MD Agency 1_SN only,MD,2019-09-18T20:27:54Z,45.13,2.48,2020-04-29T14:12:59Z,47.61,
MD Agency 1_SN only,MD,2019-09-18T20:27:54Z,45.13,2.48,2020-04-29T14:23:42Z,47.61,
MD Agency 1_SN only,MD,2019-09-18T20:27:54Z,45.13,2.48,2020-04-29T14:24:03Z,47.61,
MD Agency 1_SN only,MD,2019-09-18T20:27:54Z,45.13,2.48,2020-04-29T15:05:42Z,47.61,
MD Agency 1_SN only,MD,2019-09-18T20:27:54Z,45.13,2.48,2020-04-30T17:12:21Z,47.61,
MD Agency 1_SN only,MD,2019-09-18T20:27:54Z,45.13,2.48,2020-04-30T17:22:54Z,47.61,
MD Agency 1_SN only,MD,2019-09-18T20:27:54Z,45.13,2.48,2020-04-30T17:33:13Z,47.61,
MD Agency 1_SN only,MD,2019-09-18T20:27:54Z,45.13,2.48,2020-04-30T19:09:10Z,47.61,
MD Agency 1_SN only,MD,2019-09-18T20:27:54Z,45.13,2.48,2020-04-30T19:32:14Z,47.61,
MD Agency 1_SN only,MD,2019-09-18T20:27:54Z,45.13,2.48,2020-04-30T19:32:39Z,47.61,
MD Agency 1_SN only,MD,2019-09-18T20:27:54Z,45.13,2.48,2020-04-30T19:42:46Z,47.61,
MD Agency 1_SN only,MD,2019-09-18T20:27:54Z,45.13,2.48,2020-04-30T19:42:56Z,47.61,
MD Agency 1_SN only,MD,2019-09-18T20:27:54Z,45.13,2.48,2020-04-30T19:59:16Z,47.61,
MD Agency 1_SN only,MD,2019-09-18T20:27:54Z,45.13,2.48,2020-04-30T19:59:44Z,47.61,
MD Agency 1_SN only,MD,2019-09-18T20:27:54Z,45.13,2.48,2020-04-30T20:25:08Z,47.61,
MD Agency 1_SN only,MD,2019-09-18T20:27:54Z,45.13,2.48,2020-04-30T20:25:41Z,47.61,
MD Agency 1_SN only,MD,2019-09-18T20:27:54Z,45.13,2.48,2020-04-30T21:04:57Z,47.61,
MD Agency 1_SN only,MD,2019-09-18T20:27:54Z,45.13,2.48,2020-04-30T21:16:13Z,47.61,
MD Agency 1_SN only,MD,2019-09-18T20:27:54Z,45.13,2.48,2020-04-30T21:26:18Z,47.61,
MD Agency 1_SN only,MD,2019-09-18T20:27:54Z,45.13,2.48,2020-04-30T21:26:30Z,47.61,
MD Agency 1_SN only,MD,2019-09-18T20:27:54Z,45.13,2.48,2020-04-30T21:36:40Z,47.61,
MD Agency 1_SN only,MD,2019-09-18T20:27:54Z,45.13,2.48,2020-04-30T21:36:58Z,47.61,
MD Agency 1_SN only,MD,2019-09-18T20:27:54Z,45.13,2.48,2020-04-30T21:51:33Z,47.61,
MD Agency 1_SN only,MD,2019-09-18T20:27:54Z,45.13,2.48,2020-05-01T00:16:29Z,47.61,
MD Agency 1_SN only,MD,2019-09-18T20:27:54Z,45.13,2.48,2020-05-01T00:26:33Z,47.61,
MD Agency 1_SN only,MD,2019-09-18T20:27:54Z,45.13,2.48,2020-05-01T00:29:35Z,47.61,
MD Agency 1_SN only,MD,2019-09-18T20:27:54Z,45.13,2.48,2020-05-01T00:47:31Z,47.61,
MD Agency 1_SN only,MD,2019-09-18T20:27:54Z,45.13,2.48,2020-05-01T00:48:10Z,47.61,
MD Agency 1_SN only,MD,2019-09-18T20:27:54Z,45.13,2.48,2020-05-01T00:58:19Z,47.61,
MD Agency 1_SN only,MD,2019-09-18T20:27:54Z,45.13,2.48,2020-05-01T00:58:51Z,47.61,
MD Agency 1_SN only,MD,2019-09-18T20:27:54Z,45.13,2.48,2020-05-01T02:03:49Z,47.61,
MD Agency 1_SN only,MD,2019-09-18T20:27:54Z,45.13,2.48,2020-05-01T02:04:06Z,47.61,
MD Agency 1_SN only,MD,2019-09-18T20:27:54Z,45.13,2.48,2020-05-01T19:23:05Z,47.61,
MD Agency 1_SN only,MD,2019-09-18T20:27:54Z,45.13,2.48,2020-05-04T12:56:33Z,47.61,
MD Agency 1_SN only,MD,2019-09-18T20:27:54Z,45.13,2.48,2020-05-04T13:18:58Z,47.61,
MD Agency 1_SN only,MD,2019-09-18T20:27:54Z,45.13,2.48,2020-05-04T13:30:40Z,47.61,
MD Agency 1_SN only,MD,2019-09-18T20:27:54Z,45.13,2.48,2020-05-04T13:44:45Z,47.61,
MD Agency 1_SN only,MD,2019-09-18T20:27:54Z,45.13,2.48,2020-06-09T20:40:59Z,47.61,
MD Agency 1_SN only,MD,2019-09-18T20:27:54Z,45.13,2.48,2020-06-09T20:41:53Z,47.61,
MD Agency 1_SN only,MD,2019-09-18T20:29:00Z,45.13,2.48,2020-02-21T22:54:17Z,47.61,
MD Agency 1_SN only,MD,2019-09-18T20:29:00Z,45.13,2.48,2020-02-22T00:29:59Z,47.61,
MD Agency 1_SN only,MD,2019-09-18T20:29:00Z,45.13,2.48,2020-03-25T21:33:54Z,47.61,
MD Agency 1_SN only,MD,2019-09-18T20:29:00Z,45.13,2.48,2020-03-26T02:06:24Z,47.61,
MD Agency 1_SN only,MD,2019-09-18T20:29:00Z,45.13,2.48,2020-04-11T20:15:18Z,47.61,
MD Agency 1_SN only,MD,2019-09-18T20:29:00Z,45.13,2.48,2020-04-11T22:45:10Z,47.61,
MD Agency 1_SN only,MD,2019-09-18T20:29:00Z,45.13,2.48,2020-04-14T20:11:38Z,47.61,
MD Agency 1_SN only,MD,2019-09-18T20:29:00Z,45.13,2.48,2020-04-29T14:15:51Z,47.61,
MD Agency 1_SN only,MD,2019-09-18T20:29:00Z,45.13,2.48,2020-04-29T14:17:23Z,47.61,
MD Agency 1_SN only,MD,2019-09-18T20:29:47Z,45.13,2.48,2020-02-21T22:54:58Z,47.61,
MD Agency 1_SN only,MD,2019-09-18T20:29:47Z,45.13,2.48,2020-02-22T00:29:54Z,47.61,
MD Agency 1_SN only,MD,2019-09-18T20:29:47Z,45.13,2.48,2020-03-25T21:34:24Z,47.61,
MD Agency 1_SN only,MD,2019-09-18T20:29:47Z,45.13,2.48,2020-03-26T02:06:23Z,47.61,
MD Agency 1_SN only,MD,2019-09-18T20:29:47Z,45.13,2.48,2020-04-11T20:15:39Z,47.61,
MD Agency 1_SN only,MD,2019-09-18T20:29:47Z,45.13,2.48,2020-04-11T22:45:10Z,47.61,
MD Agency 1_SN only,MD,2019-09-18T20:29:47Z,45.13,2.48,2020-04-14T20:11:38Z,47.61,
MD Agency 1_SN only,MD,2019-09-18T20:29:47Z,45.13,2.48,2020-04-29T14:16:15Z,47.61,
MD Agency 1_SN only,MD,2019-09-18T20:29:47Z,45.13,2.48,2020-04-29T14:26:32Z,47.61,
MD Agency 1_SN only,MD,2019-09-18T20:29:47Z,45.13,2.48,2020-04-29T15:05:42Z,47.61,
MD Agency 1_SN only,MD,2019-09-18T20:29:47Z,45.13,2.48,2020-04-30T17:12:45Z,47.61,
MD Agency 1_SN only,MD,2019-09-18T20:29:47Z,45.13,2.48,2020-04-30T17:22:48Z,47.61,
MD Agency 1_SN only,MD,2019-09-18T20:29:47Z,45.13,2.48,2020-04-30T17:23:17Z,47.61,
MD Agency 1_SN only,MD,2019-09-18T20:29:47Z,45.13,2.48,2020-04-30T17:34:02Z,47.61,
MD Agency 1_SN only,MD,2019-09-18T20:29:47Z,45.13,2.48,2020-04-30T19:09:36Z,47.61,
MD Agency 1_SN only,MD,2019-09-18T20:29:47Z,45.13,2.48,2020-04-30T19:32:14Z,47.61,
MD Agency 1_SN only,MD,2019-09-18T20:29:47Z,45.13,2.48,2020-04-30T19:32:59Z,47.61,
MD Agency 1_SN only,MD,2019-09-18T20:29:47Z,45.13,2.48,2020-04-30T19:43:10Z,47.61,
MD Agency 1_SN only,MD,2019-09-18T20:29:47Z,45.13,2.48,2020-04-30T19:43:24Z,47.61,
MD Agency 1_SN only,MD,2019-09-18T20:29:47Z,45.13,2.48,2020-04-30T19:59:16Z,47.61,
MD Agency 1_SN only,MD,2019-09-18T20:29:47Z,45.13,2.48,2020-04-30T21:16:36Z,47.61,
MD Agency 1_SN only,MD,2019-09-18T20:29:47Z,45.13,2.48,2020-04-30T21:26:43Z,47.61,
MD Agency 1_SN only,MD,2019-09-18T20:29:47Z,45.13,2.48,2020-04-30T21:26:59Z,47.61,
MD Agency 1_SN only,MD,2019-09-18T20:29:47Z,45.13,2.48,2020-04-30T21:37:49Z,47.61,
MD Agency 1_SN only,MD,2019-09-18T20:29:47Z,45.13,2.48,2020-04-30T21:38:02Z,47.61,
MD Agency 1_SN only,MD,2019-09-18T20:29:47Z,45.13,2.48,2020-04-30T21:51:33Z,47.61,
MD Agency 1_SN only,MD,2019-09-18T20:29:47Z,45.13,2.48,2020-05-01T00:16:50Z,47.61,
MD Agency 1_SN only,MD,2019-09-18T20:29:47Z,45.13,2.48,2020-05-01T00:29:16Z,47.61,
MD Agency 1_SN only,MD,2019-09-18T20:29:47Z,45.13,2.48,2020-05-01T00:48:27Z,47.61,
MD Agency 1_SN only,MD,2019-09-18T20:29:47Z,45.13,2.48,2020-05-01T00:58:30Z,47.61,
MD Agency 1_SN only,MD,2019-09-18T20:29:47Z,45.13,2.48,2020-05-01T00:59:23Z,47.61,
MD Agency 1_SN only,MD,2019-09-18T20:29:47Z,45.13,2.48,2020-05-01T02:03:49Z,47.61,
MD Agency 1_SN only,MD,2019-09-18T20:29:47Z,45.13,2.48,2020-05-01T02:04:23Z,47.61,
MD Agency 1_SN only,MD,2019-09-18T20:29:47Z,45.13,2.48,2020-05-01T19:22:48Z,47.61,
MD Agency 1_SN only,MD,2019-09-18T20:29:47Z,45.13,2.48,2020-05-01T19:23:23Z,47.61,
MD Agency 1_SN only,MD,2019-09-18T20:29:47Z,45.13,2.48,2020-05-04T12:56:32Z,47.61,
MD Agency 1_SN only,MD,2019-09-18T20:29:47Z,45.13,2.48,2020-05-04T13:19:15Z,47.61,
MD Agency 1_SN only,MD,2019-09-18T20:29:47Z,45.13,2.48,2020-05-04T13:30:22Z,47.61,
MD Agency 1_SN only,MD,2019-09-18T20:29:47Z,45.13,2.48,2020-05-04T13:31:07Z,47.61,
MD Agency 1_SN only,MD,2019-09-18T20:29:47Z,45.13,2.48,2020-05-04T13:44:45Z,47.61,
MD Agency 1_SN only,MD,2019-09-18T20:29:47Z,45.13,2.48,2020-07-01T12:04:00Z,47.61,
MD Agency 1_SN only,MD,2019-09-18T20:29:47Z,45.13,2.48,2020-07-01T12:04:34Z,47.61,
MD Agency 1_SN only,MD,2019-09-18T20:30:17Z,45.13,2.48,2020-02-21T22:55:22Z,47.61,
MD Agency 1_SN only,MD,2019-09-18T20:30:17Z,45.13,2.48,2020-02-22T00:29:47Z,47.61,
MD Agency 1_SN only,MD,2019-09-18T20:30:17Z,45.13,2.48,2020-03-25T21:34:40Z,47.61,
MD Agency 1_SN only,MD,2019-09-18T20:30:17Z,45.13,2.48,2020-03-26T02:06:23Z,47.61,
MD Agency 1_SN only,MD,2019-09-18T20:30:17Z,45.13,2.48,2020-04-11T20:16:19Z,47.61,
MD Agency 1_SN only,MD,2019-09-18T20:30:17Z,45.13,2.48,2020-04-11T22:45:10Z,47.61,
MD Agency 1_SN only,MD,2019-09-18T20:30:17Z,45.13,2.48,2020-04-14T20:11:37Z,47.61,
MD Agency 1_SN only,MD,2019-09-18T20:30:17Z,45.13,2.48,2020-04-29T14:16:38Z,47.61,
MD Agency 1_SN only,MD,2019-09-18T20:30:17Z,45.13,2.48,2020-04-29T14:26:45Z,47.61,
MD Agency 1_SN only,MD,2019-09-18T20:30:17Z,45.13,2.48,2020-04-29T14:26:52Z,47.61,
MD Agency 1_SN only,MD,2019-09-18T20:30:17Z,45.13,2.48,2020-04-29T15:05:42Z,47.61,
MD Agency 1_SN only,MD,2019-09-18T20:30:17Z,45.13,2.48,2020-04-30T17:13:26Z,47.61,
MD Agency 1_SN only,MD,2019-09-18T20:30:17Z,45.13,2.48,2020-04-30T17:23:30Z,47.61,
MD Agency 1_SN only,MD,2019-09-18T20:30:17Z,45.13,2.48,2020-04-30T17:23:47Z,47.61,
MD Agency 1_SN only,MD,2019-09-18T20:30:17Z,45.13,2.48,2020-04-30T17:34:02Z,47.61,
MD Agency 1_SN only,MD,2019-09-18T20:30:17Z,45.13,2.48,2020-04-30T19:09:57Z,47.61,
MD Agency 1_SN only,MD,2019-09-18T20:30:17Z,45.13,2.48,2020-04-30T19:32:14Z,47.61,
MD Agency 1_SN only,MD,2019-09-18T20:30:17Z,45.13,2.48,2020-04-30T19:33:28Z,47.61,
MD Agency 1_SN only,MD,2019-09-18T20:30:17Z,45.13,2.48,2020-04-30T19:46:53Z,47.61,
MD Agency 1_SN only,MD,2019-09-18T20:30:17Z,45.13,2.48,2020-04-30T21:17:47Z,47.61,
MD Agency 1_SN only,MD,2019-09-18T20:30:17Z,45.13,2.48,2020-04-30T21:28:12Z,47.61,
MD Agency 1_SN only,MD,2019-09-18T20:30:17Z,45.13,2.48,2020-04-30T21:38:21Z,47.61,
MD Agency 1_SN only,MD,2019-09-18T20:30:17Z,45.13,2.48,2020-04-30T21:44:13Z,47.61,
MD Agency 1_SN only,MD,2019-09-18T20:30:17Z,45.13,2.48,2020-04-30T23:28:38Z,47.61,
MD Agency 1_SN only,MD,2019-09-18T20:30:17Z,45.13,2.48,2020-05-01T00:16:29Z,47.61,
MD Agency 1_SN only,MD,2019-09-18T20:30:17Z,45.13,2.48,2020-05-01T00:26:33Z,47.61,
MD Agency 1_SN only,MD,2019-09-18T20:30:17Z,45.13,2.48,2020-05-01T00:48:46Z,47.61,
MD Agency 1_SN only,MD,2019-09-18T20:30:17Z,45.13,2.48,2020-05-01T00:59:06Z,47.61,
MD Agency 1_SN only,MD,2019-09-18T20:30:17Z,45.13,2.48,2020-05-01T19:23:45Z,47.61,
MD Agency 1_SN only,MD,2019-09-18T20:30:17Z,45.13,2.48,2020-05-04T12:56:32Z,47.61,
MD Agency 1_SN only,MD,2019-09-18T20:30:17Z,45.13,2.48,2020-05-04T13:31:24Z,47.61,
MD Agency 1_SN only,MD,2019-09-18T20:30:17Z,45.13,2.48,2020-05-04T13:44:45Z,47.61,
MD Agency 1_SN only,MD,2019-09-18T20:30:17Z,45.13,2.48,2020-07-01T12:13:29Z,47.61,
MD Agency 1_SN only,MD,2019-09-18T20:30:17Z,45.13,2.48,2020-07-01T12:17:11Z,47.61,
MD Agency 1_SN only,MD,2019-12-16T16:30:19Z,45.99,2.53,2020-02-21T22:55:45Z,48.52,
MD Agency 1_SN only,MD,2019-12-16T16:30:19Z,45.99,2.53,2020-02-22T00:29:47Z,48.52,
MD Agency 1_SN only,MD,2019-12-16T16:30:19Z,45.99,2.53,2020-03-25T21:34:59Z,48.52,
MD Agency 1_SN only,MD,2019-12-16T16:30:19Z,45.99,2.53,2020-03-26T02:06:23Z,48.52,
MD Agency 1_SN only,MD,2019-12-16T16:30:19Z,45.99,2.53,2020-04-11T20:16:36Z,48.52,
MD Agency 1_SN only,MD,2019-12-16T16:30:19Z,45.99,2.53,2020-04-11T22:45:10Z,48.52,
MD Agency 1_SN only,MD,2019-12-16T16:30:19Z,45.99,2.53,2020-04-14T20:11:37Z,48.52,
MD Agency 1_SN only,MD,2019-12-16T16:30:19Z,45.99,2.53,2020-04-29T14:16:55Z,48.52,
MD Agency 1_SN only,MD,2019-12-16T16:30:19Z,45.99,2.53,2020-04-29T14:27:08Z,48.52,
MD Agency 1_SN only,MD,2019-12-16T16:30:19Z,45.99,2.53,2020-04-29T14:27:30Z,48.52,
MD Agency 1_SN only,MD,2019-12-16T16:30:19Z,45.99,2.53,2020-04-29T15:05:41Z,48.52,
MD Agency 1_SN only,MD,2019-12-16T16:30:19Z,45.99,2.53,2020-04-30T17:14:01Z,48.52,
MD Agency 1_SN only,MD,2019-12-16T16:30:19Z,45.99,2.53,2020-04-30T17:24:25Z,48.52,
MD Agency 1_SN only,MD,2019-12-16T16:30:19Z,45.99,2.53,2020-04-30T17:42:22Z,48.52,
MD Agency 1_SN only,MD,2019-12-16T16:30:19Z,45.99,2.53,2020-04-30T19:38:21Z,48.52,
MD Agency 1_SN only,MD,2019-12-16T16:30:19Z,45.99,2.53,2020-04-30T19:59:16Z,48.52,
MD Agency 1_SN only,MD,2019-12-16T16:30:19Z,45.99,2.53,2020-04-30T21:18:06Z,48.52,
MD Agency 1_SN only,MD,2019-12-16T16:30:19Z,45.99,2.53,2020-04-30T21:28:10Z,48.52,
MD Agency 1_SN only,MD,2019-12-16T16:30:19Z,45.99,2.53,2020-04-30T21:28:41Z,48.52,
MD Agency 1_SN only,MD,2019-12-16T16:30:19Z,45.99,2.53,2020-04-30T21:43:55Z,48.52,
MD Agency 1_SN only,MD,2019-12-16T16:30:19Z,45.99,2.53,2020-05-01T00:17:28Z,48.52,
MD Agency 1_SN only,MD,2019-12-16T16:30:19Z,45.99,2.53,2020-05-01T00:29:16Z,48.52,
MD Agency 1_SN only,MD,2019-12-16T16:30:19Z,45.99,2.53,2020-05-01T00:49:03Z,48.52,
MD Agency 1_SN only,MD,2019-12-16T16:30:19Z,45.99,2.53,2020-05-01T00:59:06Z,48.52,
MD Agency 1_SN only,MD,2019-12-16T16:30:19Z,45.99,2.53,2020-05-01T19:24:03Z,48.52,
MD Agency 1_SN only,MD,2019-12-16T16:30:19Z,45.99,2.53,2020-05-04T12:56:27Z,48.52,
MD Agency 1_SN only,MD,2019-12-16T16:30:19Z,45.99,2.53,2020-05-04T13:31:39Z,48.52,
MD Agency 1_SN only,MD,2019-12-16T16:30:19Z,45.99,2.53,2020-05-04T13:44:45Z,48.52,
MD Agency 1_SN only,MD,2019-12-16T16:30:19Z,45.99,2.53,2020-07-24T22:50:55Z,48.52,
MD Agency 1_SN only,MD,2019-12-16T16:30:19Z,45.99,2.53,2020-07-24T22:52:17Z,48.52,
MD Agency 1_SN only,MD,2019-12-16T16:31:05Z,45.99,2.53,2020-02-21T22:56:12Z,48.52,
MD Agency 1_SN only,MD,2019-12-16T16:31:05Z,45.99,2.53,2020-02-22T00:29:47Z,48.52,
MD Agency 1_SN only,MD,2019-12-16T16:31:05Z,45.99,2.53,2020-03-25T21:35:16Z,48.52,
MD Agency 1_SN only,MD,2019-12-16T16:31:05Z,45.99,2.53,2020-03-26T02:06:23Z,48.52,
MD Agency 1_SN only,MD,2019-12-16T16:31:05Z,45.99,2.53,2020-04-11T20:16:52Z,48.52,
MD Agency 1_SN only,MD,2019-12-16T16:31:05Z,45.99,2.53,2020-04-11T22:45:10Z,48.52,
MD Agency 1_SN only,MD,2019-12-16T16:31:05Z,45.99,2.53,2020-04-14T20:11:37Z,48.52,
MD Agency 1_SN only,MD,2019-12-16T16:31:05Z,45.99,2.53,2020-04-29T14:17:13Z,48.52,
MD Agency 1_SN only,MD,2019-12-16T16:31:05Z,45.99,2.53,2020-04-29T14:27:23Z,48.52,
MD Agency 1_SN only,MD,2019-12-16T16:31:05Z,45.99,2.53,2020-04-29T14:27:48Z,48.52,
MD Agency 1_SN only,MD,2019-12-16T16:31:05Z,45.99,2.53,2020-04-29T15:05:41Z,48.52,
MD Agency 1_SN only,MD,2019-12-16T16:31:05Z,45.99,2.53,2020-04-30T17:14:18Z,48.52,
MD Agency 1_SN only,MD,2019-12-16T16:31:05Z,45.99,2.53,2020-04-30T17:24:19Z,48.52,
MD Agency 1_SN only,MD,2019-12-16T16:31:05Z,45.99,2.53,2020-04-30T17:24:58Z,48.52,
MD Agency 1_SN only,MD,2019-12-16T16:31:05Z,45.99,2.53,2020-04-30T17:42:22Z,48.52,
MD Agency 1_SN only,MD,2019-12-16T16:31:05Z,45.99,2.53,2020-04-30T19:40:23Z,48.52,
MD Agency 1_SN only,MD,2019-12-16T16:31:05Z,45.99,2.53,2020-04-30T19:59:16Z,48.52,
MD Agency 1_SN only,MD,2019-12-16T16:31:05Z,45.99,2.53,2020-04-30T21:18:24Z,48.52,
MD Agency 1_SN only,MD,2019-12-16T16:31:05Z,45.99,2.53,2020-04-30T21:28:25Z,48.52,
MD Agency 1_SN only,MD,2019-12-16T16:31:05Z,45.99,2.53,2020-04-30T21:35:41Z,48.52,
MD Agency 1_SN only,MD,2019-12-16T16:31:05Z,45.99,2.53,2020-04-30T21:51:33Z,48.52,
MD Agency 1_SN only,MD,2019-12-16T16:31:05Z,45.99,2.53,2020-05-01T00:17:54Z,48.52,
MD Agency 1_SN only,MD,2019-12-16T16:31:05Z,45.99,2.53,2020-05-01T00:29:16Z,48.52,
MD Agency 1_SN only,MD,2019-12-16T16:31:05Z,45.99,2.53,2020-05-01T00:49:25Z,48.52,
MD Agency 1_SN only,MD,2019-12-16T16:31:05Z,45.99,2.53,2020-05-01T01:01:13Z,48.52,
MD Agency 1_SN only,MD,2019-12-16T16:31:05Z,45.99,2.53,2020-05-01T19:24:22Z,48.52,
MD Agency 1_SN only,MD,2019-12-16T16:31:05Z,45.99,2.53,2020-05-04T12:56:20Z,48.52,
MD Agency 1_SN only,MD,2019-12-16T16:31:05Z,45.99,2.53,2020-05-04T13:32:08Z,48.52,
MD Agency 1_SN only,MD,2019-12-16T16:31:05Z,45.99,2.53,2020-05-04T13:44:44Z,48.52,
MD Agency 1_SN only,MD,2019-12-16T16:31:05Z,45.99,2.53,2020-07-31T16:37:36Z,48.52,
MD Agency 1_SN only,MD,2019-12-16T16:31:05Z,45.99,2.53,2020-07-31T16:38:54Z,48.52,
MD Agency 1_SN only,MD,2020-01-29T13:21:44Z,40.00,2.20,2020-02-21T22:56:45Z,42.20,
MD Agency 1_SN only,MD,2020-01-29T13:21:44Z,40.00,2.20,2020-02-22T00:29:46Z,42.20,
MD Agency 1_SN only,MD,2020-01-29T13:21:44Z,40.00,2.20,2020-03-25T21:35:31Z,42.20,
MD Agency 1_SN only,MD,2020-01-29T13:21:44Z,40.00,2.20,2020-03-26T02:06:23Z,42.20,
MD Agency 1_SN only,MD,2020-01-29T13:21:44Z,40.00,2.20,2020-04-11T20:17:27Z,42.20,
MD Agency 1_SN only,MD,2020-01-29T13:21:44Z,40.00,2.20,2020-04-11T22:45:09Z,42.20,
MD Agency 1_SN only,MD,2020-01-29T13:21:44Z,40.00,2.20,2020-04-14T20:11:37Z,42.20,
MD Agency 1_SN only,MD,2020-01-29T13:21:44Z,40.00,2.20,2020-04-29T14:17:43Z,42.20,
MD Agency 1_SN only,MD,2020-01-29T13:21:44Z,40.00,2.20,2020-04-29T14:22:38Z,42.20,
MD Agency 1_SN only,MD,2020-01-29T13:22:44Z,45.00,2.47,2020-02-21T22:57:08Z,47.47,
MD Agency 1_SN only,MD,2020-01-29T13:22:44Z,45.00,2.47,2020-02-22T00:29:46Z,47.47,
MD Agency 1_SN only,MD,2020-01-29T13:22:44Z,45.00,2.47,2020-03-25T21:36:09Z,47.47,
MD Agency 1_SN only,MD,2020-01-29T13:22:44Z,45.00,2.47,2020-03-26T02:06:23Z,47.47,
MD Agency 1_SN only,MD,2020-01-29T13:22:44Z,45.00,2.47,2020-04-11T20:17:52Z,47.47,
MD Agency 1_SN only,MD,2020-01-29T13:22:44Z,45.00,2.47,2020-04-11T22:45:09Z,47.47,
MD Agency 1_SN only,MD,2020-01-29T13:22:44Z,45.00,2.47,2020-04-14T20:11:37Z,47.47,
MD Agency 1_SN only,MD,2020-01-29T13:22:44Z,45.00,2.47,2020-04-29T14:24:27Z,47.47,
MD Agency 1_SN only,MD,2020-01-29T13:22:44Z,45.00,2.47,2020-04-29T15:05:41Z,47.47,
MD Agency 1_SN only,MD,2020-01-29T13:22:44Z,45.00,2.47,2020-04-30T17:14:36Z,47.47,
MD Agency 1_SN only,MD,2020-01-29T13:22:44Z,45.00,2.47,2020-04-30T17:24:41Z,47.47,
MD Agency 1_SN only,MD,2020-01-29T13:22:44Z,45.00,2.47,2020-04-30T19:40:53Z,47.47,
MD Agency 1_SN only,MD,2020-01-29T13:22:44Z,45.00,2.47,2020-04-30T19:59:15Z,47.47,
MD Agency 1_SN only,MD,2020-01-29T13:22:44Z,45.00,2.47,2020-04-30T21:18:51Z,47.47,
MD Agency 1_SN only,MD,2020-01-29T13:22:44Z,45.00,2.47,2020-04-30T21:35:22Z,47.47,
MD Agency 1_SN only,MD,2020-01-29T13:22:44Z,45.00,2.47,2020-04-30T21:36:02Z,47.47,
MD Agency 1_SN only,MD,2020-01-29T13:22:44Z,45.00,2.47,2020-04-30T21:51:33Z,47.47,
MD Agency 1_SN only,MD,2020-01-29T13:22:44Z,45.00,2.47,2020-05-01T00:18:21Z,47.47,
MD Agency 1_SN only,MD,2020-01-29T13:22:44Z,45.00,2.47,2020-05-01T00:29:16Z,47.47,
MD Agency 1_SN only,MD,2020-01-29T13:22:44Z,45.00,2.47,2020-05-01T00:49:49Z,47.47,
MD Agency 1_SN only,MD,2020-01-29T13:22:44Z,45.00,2.47,2020-05-01T01:01:07Z,47.47,
MD Agency 1_SN only,MD,2020-01-29T13:22:44Z,45.00,2.47,2020-05-01T19:24:39Z,47.47,
MD Agency 1_SN only,MD,2020-01-29T13:22:44Z,45.00,2.47,2020-05-04T12:56:20Z,47.47,
MD Agency 1_SN only,MD,2020-01-29T13:22:44Z,45.00,2.47,2020-05-04T13:32:23Z,47.47,
MD Agency 1_SN only,MD,2020-01-29T13:22:44Z,45.00,2.47,2020-05-04T13:44:44Z,47.47,
MD Agency 1_SN only,MD,2020-01-29T13:22:44Z,45.00,2.47,2020-08-11T15:21:22Z,47.47,
MD Agency 1_SN only,MD,2020-01-29T18:52:05Z,45.00,2.47,2020-02-21T22:57:25Z,47.47,
MD Agency 1_SN only,MD,2020-01-29T18:52:05Z,45.00,2.47,2020-02-22T00:29:46Z,47.47,
MD Agency 1_SN only,MD,2020-01-29T18:52:05Z,45.00,2.47,2020-03-25T21:36:36Z,47.47,
MD Agency 1_SN only,MD,2020-01-29T18:52:05Z,45.00,2.47,2020-03-26T02:06:22Z,47.47,
MD Agency 1_SN only,MD,2020-01-29T18:52:05Z,45.00,2.47,2020-04-11T20:18:04Z,47.47,
MD Agency 1_SN only,MD,2020-01-29T18:52:05Z,45.00,2.47,2020-04-11T22:45:09Z,47.47,
MD Agency 1_SN only,MD,2020-01-29T18:52:05Z,45.00,2.47,2020-04-14T20:11:36Z,47.47,
MD Agency 1_SN only,MD,2020-01-29T18:52:05Z,45.00,2.47,2020-04-29T14:24:51Z,47.47,
MD Agency 1_SN only,MD,2020-01-29T18:52:05Z,45.00,2.47,2020-04-29T15:05:41Z,47.47,
MD Agency 1_SN only,MD,2020-01-29T18:52:05Z,45.00,2.47,2020-04-30T17:14:52Z,47.47,
MD Agency 1_SN only,MD,2020-01-29T18:52:05Z,45.00,2.47,2020-04-30T17:24:55Z,47.47,
MD Agency 1_SN only,MD,2020-01-29T18:52:05Z,45.00,2.47,2020-04-30T19:41:22Z,47.47,
MD Agency 1_SN only,MD,2020-01-29T18:52:05Z,45.00,2.47,2020-04-30T19:59:15Z,47.47,
MD Agency 1_SN only,MD,2020-01-29T18:52:05Z,45.00,2.47,2020-04-30T21:19:24Z,47.47,
MD Agency 1_SN only,MD,2020-01-29T18:52:05Z,45.00,2.47,2020-04-30T21:35:21Z,47.47,
MD Agency 1_SN only,MD,2020-01-29T18:52:05Z,45.00,2.47,2020-04-30T21:36:17Z,47.47,
MD Agency 1_SN only,MD,2020-01-29T18:52:05Z,45.00,2.47,2020-04-30T21:51:33Z,47.47,
MD Agency 1_SN only,MD,2020-01-29T18:52:05Z,45.00,2.47,2020-05-01T00:20:10Z,47.47,
MD Agency 1_SN only,MD,2020-01-29T18:52:05Z,45.00,2.47,2020-05-01T00:47:31Z,47.47,
MD Agency 1_SN only,MD,2020-01-29T18:52:05Z,45.00,2.47,2020-05-01T00:50:03Z,47.47,
MD Agency 1_SN only,MD,2020-01-29T18:52:05Z,45.00,2.47,2020-05-01T01:01:07Z,47.47,
MD Agency 1_SN only,MD,2020-01-29T18:52:05Z,45.00,2.47,2020-05-01T19:24:58Z,47.47,
MD Agency 1_SN only,MD,2020-01-29T18:52:05Z,45.00,2.47,2020-05-04T12:56:20Z,47.47,
MD Agency 1_SN only,MD,2020-01-29T18:52:05Z,45.00,2.47,2020-05-04T13:32:42Z,47.47,
MD Agency 1_SN only,MD,2020-01-29T18:52:05Z,45.00,2.47,2020-05-04T13:44:44Z,47.47,
MD Agency 1_SN only,MD,2020-01-29T18:52:05Z,45.00,2.47,2020-08-11T15:22:17Z,47.47,
MD Agency 1_SN only,MD,2020-01-29T18:53:05Z,45.00,2.47,2020-02-21T22:58:19Z,47.47,
MD Agency 1_SN only,MD,2020-01-29T18:53:05Z,45.00,2.47,2020-02-22T00:29:46Z,47.47,
MD Agency 1_SN only,MD,2020-01-29T18:53:05Z,45.00,2.47,2020-03-25T21:36:51Z,47.47,
MD Agency 1_SN only,MD,2020-01-29T18:53:05Z,45.00,2.47,2020-03-26T02:06:22Z,47.47,
MD Agency 1_SN only,MD,2020-01-29T18:53:05Z,45.00,2.47,2020-04-11T20:18:46Z,47.47,
MD Agency 1_SN only,MD,2020-01-29T18:53:05Z,45.00,2.47,2020-04-11T22:45:08Z,47.47,
MD Agency 1_SN only,MD,2020-01-29T18:53:05Z,45.00,2.47,2020-04-14T20:01:39Z,47.47,
MD Agency 1_SN only,MD,2020-01-29T18:53:05Z,45.00,2.47,2020-04-29T14:12:34Z,47.47,
MD Agency 1_SN only,MD,2020-01-29T18:53:05Z,45.00,2.47,2020-04-29T14:25:05Z,47.47,
MD Agency 1_SN only,MD,2020-01-29T18:53:05Z,45.00,2.47,2020-04-29T15:05:41Z,47.47,
MD Agency 1_SN only,MD,2020-01-29T18:53:05Z,45.00,2.47,2020-04-30T17:15:08Z,47.47,
MD Agency 1_SN only,MD,2020-01-29T18:53:05Z,45.00,2.47,2020-04-30T17:25:15Z,47.47,
MD Agency 1_SN only,MD,2020-01-29T18:53:05Z,45.00,2.47,2020-04-30T19:41:48Z,47.47,
MD Agency 1_SN only,MD,2020-01-29T18:53:05Z,45.00,2.47,2020-04-30T19:59:15Z,47.47,
MD Agency 1_SN only,MD,2020-01-29T18:53:05Z,45.00,2.47,2020-04-30T21:19:42Z,47.47,
MD Agency 1_SN only,MD,2020-01-29T18:53:05Z,45.00,2.47,2020-04-30T21:35:21Z,47.47,
MD Agency 1_SN only,MD,2020-01-29T18:53:05Z,45.00,2.47,2020-04-30T21:36:31Z,47.47,
MD Agency 1_SN only,MD,2020-01-29T18:53:05Z,45.00,2.47,2020-04-30T21:51:32Z,47.47,
MD Agency 1_SN only,MD,2020-01-29T18:53:05Z,45.00,2.47,2020-05-01T00:25:56Z,47.47,
MD Agency 1_SN only,MD,2020-01-29T18:53:05Z,45.00,2.47,2020-05-01T00:47:31Z,47.47,
MD Agency 1_SN only,MD,2020-01-29T18:53:05Z,45.00,2.47,2020-05-01T00:50:15Z,47.47,
MD Agency 1_SN only,MD,2020-01-29T18:53:05Z,45.00,2.47,2020-05-01T01:01:07Z,47.47,
MD Agency 1_SN only,MD,2020-01-29T18:53:05Z,45.00,2.47,2020-05-01T19:25:15Z,47.47,
MD Agency 1_SN only,MD,2020-01-29T18:53:05Z,45.00,2.47,2020-05-04T12:56:19Z,47.47,
MD Agency 1_SN only,MD,2020-01-29T18:53:05Z,45.00,2.47,2020-05-04T13:32:57Z,47.47,
MD Agency 1_SN only,MD,2020-01-29T18:53:05Z,45.00,2.47,2020-05-04T13:44:44Z,47.47,
MD Agency 1_SN only,MD,2020-01-29T18:53:05Z,45.00,2.47,2020-08-11T15:22:54Z,47.47,
MD Agency 1_SN only,MD,2020-01-29T18:53:28Z,45.00,2.47,2020-02-21T22:58:47Z,47.47,
MD Agency 1_SN only,MD,2020-01-29T18:53:28Z,45.00,2.47,2020-02-22T00:29:46Z,47.47,
MD Agency 1_SN only,MD,2020-01-29T18:53:28Z,45.00,2.47,2020-03-25T21:37:16Z,47.47,
MD Agency 1_SN only,MD,2020-01-29T18:53:28Z,45.00,2.47,2020-03-26T02:06:22Z,47.47,
MD Agency 1_SN only,MD,2020-01-29T18:53:28Z,45.00,2.47,2020-04-11T20:19:01Z,47.47,
MD Agency 1_SN only,MD,2020-01-29T18:53:28Z,45.00,2.47,2020-04-11T22:45:08Z,47.47,
MD Agency 1_SN only,MD,2020-01-29T18:53:28Z,45.00,2.47,2020-04-14T20:02:14Z,47.47,
MD Agency 1_SN only,MD,2020-01-29T18:53:28Z,45.00,2.47,2020-04-29T14:12:33Z,47.47,
MD Agency 1_SN only,MD,2020-01-29T18:53:28Z,45.00,2.47,2020-04-29T14:25:23Z,47.47,
MD Agency 1_SN only,MD,2020-01-29T18:53:28Z,45.00,2.47,2020-04-29T15:05:41Z,47.47,
MD Agency 1_SN only,MD,2020-01-29T18:53:28Z,45.00,2.47,2020-04-30T17:15:25Z,47.47,
MD Agency 1_SN only,MD,2020-01-29T18:53:28Z,45.00,2.47,2020-04-30T17:31:22Z,47.47,
MD Agency 1_SN only,MD,2020-01-29T18:53:28Z,45.00,2.47,2020-04-30T19:42:18Z,47.47,
MD Agency 1_SN only,MD,2020-01-29T18:53:28Z,45.00,2.47,2020-04-30T19:59:15Z,47.47,
MD Agency 1_SN only,MD,2020-01-29T18:53:28Z,45.00,2.47,2020-04-30T21:21:42Z,47.47,
MD Agency 1_SN only,MD,2020-01-29T18:53:28Z,45.00,2.47,2020-04-30T21:35:21Z,47.47,
MD Agency 1_SN only,MD,2020-01-29T18:53:28Z,45.00,2.47,2020-05-01T00:26:10Z,47.47,
MD Agency 1_SN only,MD,2020-01-29T18:53:28Z,45.00,2.47,2020-05-01T00:47:30Z,47.47,
MD Agency 1_SN only,MD,2020-01-29T18:53:28Z,45.00,2.47,2020-05-01T00:50:27Z,47.47,
MD Agency 1_SN only,MD,2020-01-29T18:53:28Z,45.00,2.47,2020-05-01T01:01:07Z,47.47,
MD Agency 1_SN only,MD,2020-01-29T18:53:28Z,45.00,2.47,2020-05-01T19:25:30Z,47.47,
MD Agency 1_SN only,MD,2020-01-29T18:53:28Z,45.00,2.47,2020-05-04T12:56:15Z,47.47,
MD Agency 1_SN only,MD,2020-01-29T18:53:28Z,45.00,2.47,2020-05-04T13:33:12Z,47.47,
MD Agency 1_SN only,MD,2020-01-29T18:53:28Z,45.00,2.47,2020-05-04T13:44:44Z,47.47,
MD Agency 1_SN only,MD,2020-01-29T18:53:28Z,45.00,2.47,2020-08-11T15:25:34Z,47.47,
MD Agency 1_SN only,MD,2020-01-29T18:54:53Z,45.00,2.47,2020-02-21T22:59:05Z,47.47,
MD Agency 1_SN only,MD,2020-01-29T18:54:53Z,45.00,2.47,2020-02-22T00:29:46Z,47.47,
MD Agency 1_SN only,MD,2020-01-29T18:54:53Z,45.00,2.47,2020-03-25T21:37:50Z,47.47,
MD Agency 1_SN only,MD,2020-01-29T18:54:53Z,45.00,2.47,2020-03-26T02:06:22Z,47.47,
MD Agency 1_SN only,MD,2020-01-29T18:54:53Z,45.00,2.47,2020-04-11T20:19:38Z,47.47,
MD Agency 1_SN only,MD,2020-01-29T18:54:53Z,45.00,2.47,2020-04-11T22:45:08Z,47.47,
MD Agency 1_SN only,MD,2020-01-29T18:54:53Z,45.00,2.47,2020-04-14T20:02:47Z,47.47,
MD Agency 1_SN only,MD,2020-01-29T18:54:53Z,45.00,2.47,2020-04-29T14:12:33Z,47.47,
MD Agency 1_SN only,MD,2020-01-29T18:54:53Z,45.00,2.47,2020-04-29T14:25:43Z,47.47,
MD Agency 1_SN only,MD,2020-01-29T18:54:53Z,45.00,2.47,2020-04-29T15:05:40Z,47.47,
MD Agency 1_SN only,MD,2020-01-29T18:54:53Z,45.00,2.47,2020-04-30T17:15:40Z,47.47,
MD Agency 1_SN only,MD,2020-01-29T18:54:53Z,45.00,2.47,2020-04-30T17:31:22Z,47.47,
MD Agency 1_SN only,MD,2020-01-29T18:54:53Z,45.00,2.47,2020-04-30T21:22:06Z,47.47,
MD Agency 1_SN only,MD,2020-01-29T18:54:53Z,45.00,2.47,2020-04-30T21:35:21Z,47.47,
MD Agency 1_SN only,MD,2020-01-29T18:54:53Z,45.00,2.47,2020-05-01T00:50:41Z,47.47,
MD Agency 1_SN only,MD,2020-01-29T18:54:53Z,45.00,2.47,2020-05-01T01:01:07Z,47.47,
MD Agency 1_SN only,MD,2020-01-29T18:54:53Z,45.00,2.47,2020-05-01T19:25:50Z,47.47,
MD Agency 1_SN only,MD,2020-01-29T18:54:53Z,45.00,2.47,2020-05-04T12:56:09Z,47.47,
MD Agency 1_SN only,MD,2020-01-29T18:54:53Z,45.00,2.47,2020-05-04T13:33:31Z,47.47,
MD Agency 1_SN only,MD,2020-01-29T18:54:53Z,45.00,2.47,2020-05-04T13:44:44Z,47.47,
MD Agency 1_SN only,MD,2020-01-29T18:54:53Z,45.00,2.47,2020-08-11T15:27:21Z,47.47,
MD Agency 1_SN only,MD,2020-04-14T19:56:28Z,45.00,2.47,2020-04-29T14:12:33Z,47.47,
MD Agency 1_SN only,MD,2020-04-14T19:56:28Z,45.00,2.47,2020-04-29T14:25:59Z,47.47,
MD Agency 1_SN only,MD,2020-04-14T19:56:28Z,45.00,2.47,2020-04-29T15:05:40Z,47.47,
MD Agency 1_SN only,MD,2020-04-14T19:56:28Z,45.00,2.47,2020-04-30T17:15:54Z,47.47,
MD Agency 1_SN only,MD,2020-04-14T19:56:28Z,45.00,2.47,2020-04-30T17:31:22Z,47.47,
MD Agency 1_SN only,MD,2020-04-14T19:56:28Z,45.00,2.47,2020-04-30T21:22:28Z,47.47,
MD Agency 1_SN only,MD,2020-04-14T19:56:28Z,45.00,2.47,2020-04-30T21:35:21Z,47.47,
MD Agency 1_SN only,MD,2020-04-14T19:56:28Z,45.00,2.47,2020-05-01T00:50:57Z,47.47,
MD Agency 1_SN only,MD,2020-04-14T19:56:28Z,45.00,2.47,2020-05-01T01:01:07Z,47.47,
MD Agency 1_SN only,MD,2020-04-14T19:56:28Z,45.00,2.47,2020-05-01T19:26:12Z,47.47,
MD Agency 1_SN only,MD,2020-04-14T19:56:28Z,45.00,2.47,2020-05-04T12:56:09Z,47.47,
MD Agency 1_SN only,MD,2020-04-14T19:56:28Z,45.00,2.47,2020-05-04T13:33:52Z,47.47,
MD Agency 1_SN only,MD,2020-04-14T19:56:28Z,45.00,2.47,2020-05-04T13:44:43Z,47.47,
MD Agency 1_SN only,MD,2020-04-14T19:56:28Z,45.00,2.47,2020-08-11T15:28:30Z,47.47,
MD Agency 1_SN only,MD,2020-04-14T19:58:10Z,45.00,2.47,2020-04-29T14:12:33Z,47.47,
MD Agency 1_SN only,MD,2020-04-14T19:58:10Z,45.00,2.47,2020-04-29T14:26:15Z,47.47,
MD Agency 1_SN only,MD,2020-04-14T19:58:10Z,45.00,2.47,2020-04-29T15:05:40Z,47.47,
MD Agency 1_SN only,MD,2020-04-14T19:58:10Z,45.00,2.47,2020-04-30T17:16:17Z,47.47,
MD Agency 1_SN only,MD,2020-04-14T19:58:10Z,45.00,2.47,2020-04-30T17:31:21Z,47.47,
MD Agency 1_SN only,MD,2020-04-14T19:58:10Z,45.00,2.47,2020-04-30T21:22:49Z,47.47,
MD Agency 1_SN only,MD,2020-04-14T19:58:10Z,45.00,2.47,2020-04-30T21:35:20Z,47.47,
MD Agency 1_SN only,MD,2020-04-14T19:58:10Z,45.00,2.47,2020-05-01T00:51:18Z,47.47,
MD Agency 1_SN only,MD,2020-04-14T19:58:10Z,45.00,2.47,2020-05-01T01:01:23Z,47.47,
MD Agency 1_SN only,MD,2020-04-14T19:58:10Z,45.00,2.47,2020-05-01T19:26:30Z,47.47,
MD Agency 1_SN only,MD,2020-04-14T19:58:10Z,45.00,2.47,2020-05-04T12:56:08Z,47.47,
MD Agency 1_SN only,MD,2020-04-14T19:58:10Z,45.00,2.47,2020-05-04T13:34:12Z,47.47,
MD Agency 1_SN only,MD,2020-04-14T19:58:10Z,45.00,2.47,2020-05-04T13:44:43Z,47.47,
MD Agency 1_SN only,MD,2020-04-14T19:58:10Z,45.00,2.47,2020-08-11T15:28:58Z,47.47,
MD Agency 1_SN only,MD,2020-04-14T19:58:52Z,45.00,2.47,2020-04-29T14:12:33Z,47.47,
MD Agency 1_SN only,MD,2020-04-14T19:58:52Z,45.00,2.47,2020-04-29T14:28:08Z,47.47,
MD Agency 1_SN only,MD,2020-04-14T19:58:52Z,45.00,2.47,2020-04-29T14:28:42Z,47.47,
MD Agency 1_SN only,MD,2020-04-14T19:59:23Z,45.00,2.47,2020-04-29T14:12:32Z,47.47,
MD Agency 1_SN only,MD,2020-04-14T19:59:23Z,45.00,2.47,2020-04-29T14:28:32Z,47.47,
MD Agency 1_SN only,MD,2020-04-14T19:59:23Z,45.00,2.47,2020-04-29T15:05:40Z,47.47,
MD Agency 1_SN only,MD,2020-04-14T19:59:23Z,45.00,2.47,2020-04-30T17:16:32Z,47.47,
MD Agency 1_SN only,MD,2020-04-14T19:59:23Z,45.00,2.47,2020-04-30T17:31:21Z,47.47,
MD Agency 1_SN only,MD,2020-04-14T19:59:23Z,45.00,2.47,2020-04-30T21:23:12Z,47.47,
MD Agency 1_SN only,MD,2020-04-14T19:59:23Z,45.00,2.47,2020-04-30T21:35:20Z,47.47,
MD Agency 1_SN only,MD,2020-04-14T19:59:23Z,45.00,2.47,2020-05-01T00:51:38Z,47.47,
MD Agency 1_SN only,MD,2020-04-14T19:59:23Z,45.00,2.47,2020-05-01T01:04:42Z,47.47,
MD Agency 1_SN only,MD,2020-04-14T19:59:23Z,45.00,2.47,2020-05-01T19:26:49Z,47.47,
MD Agency 1_SN only,MD,2020-04-14T19:59:23Z,45.00,2.47,2020-05-04T12:56:08Z,47.47,
MD Agency 1_SN only,MD,2020-04-14T19:59:23Z,45.00,2.47,2020-05-04T13:34:34Z,47.47,
MD Agency 1_SN only,MD,2020-04-14T19:59:23Z,45.00,2.47,2020-05-04T13:44:43Z,47.47,
MD Agency 1_SN only,MD,2020-04-14T19:59:23Z,45.00,2.47,2020-08-11T15:29:26Z,47.47,
MD Agency 1_SN only,MD,2020-04-29T14:04:39Z,45.00,2.47,2020-04-29T14:30:02Z,47.47,
MD Agency 1_SN only,MD,2020-04-29T14:04:39Z,45.00,2.47,2020-04-29T15:05:40Z,47.47,
MD Agency 1_SN only,MD,2020-04-29T14:04:39Z,45.00,2.47,2020-04-30T17:20:11Z,47.47,
MD Agency 1_SN only,MD,2020-04-29T14:04:39Z,45.00,2.47,2020-04-30T17:31:21Z,47.47,
MD Agency 1_SN only,MD,2020-04-29T14:04:39Z,45.00,2.47,2020-04-30T21:23:41Z,47.47,
MD Agency 1_SN only,MD,2020-04-29T14:04:39Z,45.00,2.47,2020-04-30T21:35:20Z,47.47,
MD Agency 1_SN only,MD,2020-04-29T14:04:39Z,45.00,2.47,2020-05-01T00:52:09Z,47.47,
MD Agency 1_SN only,MD,2020-04-29T14:04:39Z,45.00,2.47,2020-05-01T01:04:42Z,47.47,
MD Agency 1_SN only,MD,2020-04-29T14:04:39Z,45.00,2.47,2020-05-01T19:27:13Z,47.47,
MD Agency 1_SN only,MD,2020-04-29T14:04:39Z,45.00,2.47,2020-05-04T12:56:02Z,47.47,
MD Agency 1_SN only,MD,2020-04-29T14:04:39Z,45.00,2.47,2020-05-04T13:34:51Z,47.47,
MD Agency 1_SN only,MD,2020-04-29T14:04:39Z,45.00,2.47,2020-05-04T13:58:16Z,47.47,
MD Agency 1_SN only,MD,2020-04-29T14:04:39Z,45.00,2.47,2020-08-11T15:33:01Z,47.47,
MD Agency 1_SN only,MD,2020-04-29T14:06:04Z,45.00,2.47,2020-04-29T14:30:38Z,47.47,
MD Agency 1_SN only,MD,2020-04-29T14:06:04Z,45.00,2.47,2020-04-29T15:05:39Z,47.47,
MD Agency 1_SN only,MD,2020-04-29T14:06:04Z,45.00,2.47,2020-04-30T17:21:16Z,47.47,
MD Agency 1_SN only,MD,2020-04-29T14:06:04Z,45.00,2.47,2020-04-30T17:31:20Z,47.47,
MD Agency 1_SN only,MD,2020-04-29T14:06:04Z,45.00,2.47,2020-04-30T21:24:04Z,47.47,
MD Agency 1_SN only,MD,2020-04-29T14:06:04Z,45.00,2.47,2020-04-30T21:35:20Z,47.47,
MD Agency 1_SN only,MD,2020-04-29T14:06:04Z,45.00,2.47,2020-05-01T00:52:53Z,47.47,
MD Agency 1_SN only,MD,2020-04-29T14:06:04Z,45.00,2.47,2020-05-01T01:04:42Z,47.47,
MD Agency 1_SN only,MD,2020-04-29T14:06:04Z,45.00,2.47,2020-05-01T19:27:38Z,47.47,
MD Agency 1_SN only,MD,2020-04-29T14:06:04Z,45.00,2.47,2020-05-04T12:55:58Z,47.47,
MD Agency 1_SN only,MD,2020-04-29T14:06:04Z,45.00,2.47,2020-05-04T13:35:09Z,47.47,
MD Agency 1_SN only,MD,2020-04-29T14:06:04Z,45.00,2.47,2020-05-04T13:58:15Z,47.47,
MD Agency 1_SN only,MD,2020-04-29T14:06:04Z,45.00,2.47,2020-08-11T15:34:35Z,47.47,
MD Agency 1_SN only,MD,2020-04-29T14:06:49Z,45.00,2.47,2020-04-29T14:31:14Z,47.47,
MD Agency 1_SN only,MD,2020-04-29T14:06:49Z,45.00,2.47,2020-04-29T15:05:39Z,47.47,
MD Agency 1_SN only,MD,2020-04-29T14:06:49Z,45.00,2.47,2020-04-30T17:21:47Z,47.47,
MD Agency 1_SN only,MD,2020-04-29T14:06:49Z,45.00,2.47,2020-04-30T17:33:13Z,47.47,
MD Agency 1_SN only,MD,2020-04-29T14:06:49Z,45.00,2.47,2020-04-30T21:24:26Z,47.47,
MD Agency 1_SN only,MD,2020-04-29T14:06:49Z,45.00,2.47,2020-04-30T21:35:20Z,47.47,
MD Agency 1_SN only,MD,2020-04-29T14:06:49Z,45.00,2.47,2020-05-01T00:53:29Z,47.47,
MD Agency 1_SN only,MD,2020-04-29T14:06:49Z,45.00,2.47,2020-05-01T01:04:42Z,47.47,
MD Agency 1_SN only,MD,2020-04-29T14:06:49Z,45.00,2.47,2020-05-01T19:28:08Z,47.47,
MD Agency 1_SN only,MD,2020-04-29T14:06:49Z,45.00,2.47,2020-05-04T12:55:57Z,47.47,
MD Agency 1_SN only,MD,2020-04-29T14:06:49Z,45.00,2.47,2020-05-04T13:35:24Z,47.47,
MD Agency 1_SN only,MD,2020-04-29T14:06:49Z,45.00,2.47,2020-05-04T13:58:15Z,47.47,
MD Agency 1_SN only,MD,2020-04-29T14:06:49Z,45.00,2.47,2020-08-11T15:35:18Z,47.47,
MD Agency 1_SN only,MD,2020-04-29T14:07:38Z,50.00,2.75,2020-04-29T14:31:50Z,52.75,
MD Agency 1_SN only,MD,2020-04-29T14:07:38Z,50.00,2.75,2020-04-29T15:05:39Z,52.75,
MD Agency 1_SN only,MD,2020-04-29T14:07:38Z,50.00,2.75,2020-04-30T17:22:17Z,52.75,
MD Agency 1_SN only,MD,2020-04-29T14:07:38Z,50.00,2.75,2020-04-30T17:33:13Z,52.75,
MD Agency 1_SN only,MD,2020-04-29T14:07:38Z,50.00,2.75,2020-04-30T21:24:41Z,52.75,
MD Agency 1_SN only,MD,2020-04-29T14:07:38Z,50.00,2.75,2020-04-30T21:35:20Z,52.75,
MD Agency 1_SN only,MD,2020-04-29T14:07:38Z,50.00,2.75,2020-05-01T00:54:36Z,52.75,
MD Agency 1_SN only,MD,2020-04-29T14:07:38Z,50.00,2.75,2020-05-01T01:04:42Z,52.75,
MD Agency 1_SN only,MD,2020-04-29T14:07:38Z,50.00,2.75,2020-05-01T19:28:34Z,52.75,
MD Agency 1_SN only,MD,2020-04-29T14:07:38Z,50.00,2.75,2020-05-04T12:55:57Z,52.75,
MD Agency 1_SN only,MD,2020-04-29T14:07:38Z,50.00,2.75,2020-05-04T13:35:46Z,52.75,
MD Agency 1_SN only,MD,2020-04-29T14:07:38Z,50.00,2.75,2020-05-04T13:58:15Z,52.75,
MD Agency 1_SN only,MD,2020-04-29T14:07:38Z,50.00,2.75,2020-08-11T15:35:46Z,52.75,
MD Agency 1_SN only,MD,2020-04-29T14:10:40Z,50.00,2.75,2020-04-29T14:32:11Z,52.75,
MD Agency 1_SN only,MD,2020-04-29T14:10:40Z,50.00,2.75,2020-04-29T15:05:39Z,52.75,
MD Agency 1_SN only,MD,2020-04-29T14:10:40Z,50.00,2.75,2020-04-30T21:25:09Z,52.75,
MD Agency 1_SN only,MD,2020-04-29T14:10:40Z,50.00,2.75,2020-04-30T21:35:19Z,52.75,
MD Agency 1_SN only,MD,2020-04-29T14:10:40Z,50.00,2.75,2020-05-01T00:55:07Z,52.75,
MD Agency 1_SN only,MD,2020-04-29T14:10:40Z,50.00,2.75,2020-05-01T01:05:22Z,52.75,
MD Agency 1_SN only,MD,2020-04-29T14:10:40Z,50.00,2.75,2020-05-01T19:29:08Z,52.75,
MD Agency 1_SN only,MD,2020-04-29T14:10:40Z,50.00,2.75,2020-05-04T12:55:57Z,52.75,
MD Agency 1_SN only,MD,2020-04-29T14:10:40Z,50.00,2.75,2020-05-04T13:36:05Z,52.75,
MD Agency 1_SN only,MD,2020-04-29T14:10:40Z,50.00,2.75,2020-05-04T13:58:14Z,52.75,
MD Agency 1_SN only,MD,2020-04-29T14:10:40Z,50.00,2.75,2020-08-11T15:36:08Z,52.75,
MD Agency 1_SN only,MD,2020-04-29T14:11:52Z,45.00,2.47,2020-04-29T14:32:26Z,47.47,
MD Agency 1_SN only,MD,2020-04-29T14:11:52Z,45.00,2.47,2020-04-29T15:05:39Z,47.47,
MD Agency 1_SN only,MD,2020-04-29T14:11:52Z,45.00,2.47,2020-04-30T21:25:39Z,47.47,
MD Agency 1_SN only,MD,2020-04-29T14:11:52Z,45.00,2.47,2020-04-30T21:35:41Z,47.47,
MD Agency 1_SN only,MD,2020-04-29T14:11:52Z,45.00,2.47,2020-05-01T00:55:38Z,47.47,
MD Agency 1_SN only,MD,2020-04-29T14:11:52Z,45.00,2.47,2020-05-01T01:06:10Z,47.47,
MD Agency 1_SN only,MD,2020-04-29T14:11:52Z,45.00,2.47,2020-05-01T19:29:35Z,47.47,
MD Agency 1_SN only,MD,2020-04-29T14:11:52Z,45.00,2.47,2020-05-04T12:55:57Z,47.47,
MD Agency 1_SN only,MD,2020-04-29T14:11:52Z,45.00,2.47,2020-05-04T13:36:24Z,47.47,
MD Agency 1_SN only,MD,2020-04-29T14:11:52Z,45.00,2.47,2020-05-04T13:58:14Z,47.47,
MD Agency 1_SN only,MD,2020-04-29T14:11:52Z,45.00,2.47,2020-08-11T15:37:14Z,47.47,
MD Agency 1_SN only,MD,2020-04-30T16:35:23Z,45.00,2.47,2020-04-30T21:25:52Z,47.47,
MD Agency 1_SN only,MD,2020-04-30T16:35:23Z,45.00,2.47,2020-04-30T21:35:56Z,47.47,
MD Agency 1_SN only,MD,2020-04-30T16:35:23Z,45.00,2.47,2020-05-01T00:56:05Z,47.47,
MD Agency 1_SN only,MD,2020-04-30T16:35:23Z,45.00,2.47,2020-05-01T01:06:10Z,47.47,
MD Agency 1_SN only,MD,2020-04-30T16:35:23Z,45.00,2.47,2020-05-01T19:29:57Z,47.47,
MD Agency 1_SN only,MD,2020-04-30T16:35:23Z,45.00,2.47,2020-05-04T12:55:57Z,47.47,
MD Agency 1_SN only,MD,2020-04-30T16:35:23Z,45.00,2.47,2020-05-04T13:37:07Z,47.47,
MD Agency 1_SN only,MD,2020-04-30T16:35:23Z,45.00,2.47,2020-05-04T13:58:14Z,47.47,
MD Agency 1_SN only,MD,2020-04-30T16:35:23Z,45.00,2.47,2020-08-11T15:38:58Z,47.47,
MD Agency 1_SN only,MD,2020-04-30T16:36:17Z,45.00,2.47,2020-04-30T21:26:07Z,47.47,
MD Agency 1_SN only,MD,2020-04-30T16:36:17Z,45.00,2.47,2020-04-30T21:36:09Z,47.47,
MD Agency 1_SN only,MD,2020-04-30T16:36:17Z,45.00,2.47,2020-05-01T00:56:37Z,47.47,
MD Agency 1_SN only,MD,2020-04-30T16:36:17Z,45.00,2.47,2020-05-01T02:03:49Z,47.47,
MD Agency 1_SN only,MD,2020-04-30T16:36:17Z,45.00,2.47,2020-05-01T19:30:20Z,47.47,
MD Agency 1_SN only,MD,2020-04-30T16:36:17Z,45.00,2.47,2020-05-04T12:55:56Z,47.47,
MD Agency 1_SN only,MD,2020-04-30T16:36:17Z,45.00,2.47,2020-05-04T13:37:24Z,47.47,
MD Agency 1_SN only,MD,2020-04-30T16:36:17Z,45.00,2.47,2020-05-04T13:58:14Z,47.47,
MD Agency 1_SN only,MD,2020-04-30T16:36:17Z,45.00,2.47,2020-08-11T15:40:20Z,47.47,
MD Agency 1_SN only,MD,2020-04-30T16:37:20Z,50.00,2.75,2020-04-30T21:27:26Z,52.75,
MD Agency 1_SN only,MD,2020-04-30T16:37:20Z,50.00,2.75,2020-04-30T21:37:43Z,52.75,
MD Agency 1_SN only,MD,2020-04-30T16:37:20Z,50.00,2.75,2020-05-01T00:57:30Z,52.75,
MD Agency 1_SN only,MD,2020-04-30T16:37:20Z,50.00,2.75,2020-05-01T02:03:49Z,52.75,
MD Agency 1_SN only,MD,2020-04-30T16:37:20Z,50.00,2.75,2020-05-01T19:31:04Z,52.75,
MD Agency 1_SN only,MD,2020-04-30T16:37:20Z,50.00,2.75,2020-05-04T12:55:56Z,52.75,
MD Agency 1_SN only,MD,2020-04-30T16:37:20Z,50.00,2.75,2020-05-04T13:38:15Z,52.75,
MD Agency 1_SN only,MD,2020-04-30T16:37:20Z,50.00,2.75,2020-05-04T13:58:13Z,52.75,
MD Agency 1_SN only,MD,2020-04-30T16:37:20Z,50.00,2.75,2020-08-11T15:41:53Z,52.75,
MD Agency 1_SN only,MD,2020-04-30T16:37:44Z,50.00,2.75,2020-05-01T00:57:55Z,52.75,
MD Agency 1_SN only,MD,2020-04-30T16:37:44Z,50.00,2.75,2020-05-01T02:03:48Z,52.75,
MD Agency 1_SN only,MD,2020-04-30T16:37:44Z,50.00,2.75,2020-05-01T19:31:27Z,52.75,
MD Agency 1_SN only,MD,2020-04-30T16:37:44Z,50.00,2.75,2020-05-04T12:55:56Z,52.75,
MD Agency 1_SN only,MD,2020-04-30T16:37:44Z,50.00,2.75,2020-05-04T13:38:42Z,52.75,
MD Agency 1_SN only,MD,2020-04-30T16:37:44Z,50.00,2.75,2020-05-04T13:58:13Z,52.75,
MD Agency 1_SN only,MD,2020-04-30T16:37:44Z,50.00,2.75,2020-08-11T15:42:16Z,52.75,
MD Agency 1_SN only,MD,2020-04-30T16:38:03Z,45.00,2.47,2020-05-01T19:31:42Z,47.47,
MD Agency 1_SN only,MD,2020-04-30T16:38:03Z,45.00,2.47,2020-05-04T12:55:56Z,47.47,
MD Agency 1_SN only,MD,2020-04-30T16:38:03Z,45.00,2.47,2020-05-04T13:39:04Z,47.47,
MD Agency 1_SN only,MD,2020-04-30T16:38:03Z,45.00,2.47,2020-05-04T13:58:13Z,47.47,
MD Agency 1_SN only,MD,2020-04-30T16:38:03Z,45.00,2.47,2020-08-11T15:42:36Z,47.47,
MD Agency 1_SN only,MD,2020-04-30T16:45:57Z,50.00,2.75,2020-05-01T19:31:56Z,52.75,
MD Agency 1_SN only,MD,2020-04-30T16:45:57Z,50.00,2.75,2020-05-04T12:55:55Z,52.75,
MD Agency 1_SN only,MD,2020-04-30T16:45:57Z,50.00,2.75,2020-05-04T13:39:21Z,52.75,
MD Agency 1_SN only,MD,2020-04-30T16:45:57Z,50.00,2.75,2020-05-04T13:58:13Z,52.75,
MD Agency 1_SN only,MD,2020-04-30T16:45:57Z,50.00,2.75,2020-08-11T15:42:56Z,52.75,
MD Agency 1_SN only,MD,2020-04-30T16:46:22Z,50.00,2.75,2020-05-01T19:32:12Z,52.75,
MD Agency 1_SN only,MD,2020-04-30T16:46:22Z,50.00,2.75,2020-05-04T12:55:55Z,52.75,
MD Agency 1_SN only,MD,2020-04-30T16:46:22Z,50.00,2.75,2020-05-04T13:39:40Z,52.75,
MD Agency 1_SN only,MD,2020-04-30T16:46:22Z,50.00,2.75,2020-05-04T13:58:12Z,52.75,
MD Agency 1_SN only,MD,2020-04-30T16:46:22Z,50.00,2.75,2020-08-11T15:43:21Z,52.75,
MD Agency 1_SN only,MD,2020-04-30T16:47:50Z,45.00,2.47,2020-05-01T19:32:26Z,47.47,
MD Agency 1_SN only,MD,2020-04-30T16:47:50Z,45.00,2.47,2020-05-04T12:55:55Z,47.47,
MD Agency 1_SN only,MD,2020-04-30T16:47:50Z,45.00,2.47,2020-05-04T13:39:58Z,47.47,
MD Agency 1_SN only,MD,2020-04-30T16:47:50Z,45.00,2.47,2020-05-04T13:58:12Z,47.47,
MD Agency 1_SN only,MD,2020-04-30T16:47:50Z,45.00,2.47,2020-08-11T15:43:40Z,47.47,
MD Agency 1_SN only,MD,2020-04-30T16:48:20Z,45.00,2.47,2020-05-01T19:32:52Z,47.47,
MD Agency 1_SN only,MD,2020-04-30T16:48:20Z,45.00,2.47,2020-05-04T12:55:54Z,47.47,
MD Agency 1_SN only,MD,2020-04-30T16:48:20Z,45.00,2.47,2020-05-04T13:40:11Z,47.47,
MD Agency 1_SN only,MD,2020-04-30T16:48:20Z,45.00,2.47,2020-05-04T13:58:12Z,47.47,
MD Agency 1_SN only,MD,2020-04-30T16:48:20Z,45.00,2.47,2020-08-11T15:43:59Z,47.47,
MD Agency 1_SN only,MD,2020-06-09T19:08:52Z,45.00,2.48,2020-08-14T21:21:48Z,47.48,
MD Agency 1_SN only,MD,2020-06-09T19:08:52Z,45.00,2.48,2020-08-14T21:22:45Z,47.48,
MD Agency 1_SN only,MD,2020-06-09T19:09:37Z,45.00,2.48,2020-09-08T01:29:07Z,47.48,
NC Agency 13,CA,2020-03-01T22:17:25Z,50.00,2.75,2020-03-02T16:47:57Z,52.75,
NC Agency 13,CA,2020-03-01T22:17:25Z,50.00,2.75,2020-03-02T22:04:42Z,52.75,
NC Agency 13,CA,2020-03-01T22:18:38Z,50.00,2.75,2020-03-02T22:07:23Z,52.75,
NC Agency 13,CA,2020-03-06T21:52:48Z,50.00,2.75,2020-03-17T17:21:44Z,52.75,
NC Agency 13,CA,2020-03-06T21:53:17Z,50.00,2.75,2020-03-17T17:26:25Z,52.75,
NC Agency 4,CA,2018-07-04T19:34:45Z,60.00,3.30,2020-06-30T15:37:33Z,63.30,
NY Agency 1_SN only,NY,2017-05-01T22:18:43Z,100.00,5.50,2020-06-08T19:52:47Z,105.50,
NY Agency 1_SN only,NY,2017-05-01T22:18:43Z,100.00,5.50,2020-06-08T21:02:50Z,105.50,
PA Agency 1_SN only,PA,2020-04-28T16:03:23Z,59.00,3.24,2020-05-01T16:44:49Z,62.24,
PA Agency 1_SN only,PA,2020-04-28T16:03:23Z,59.00,3.24,2020-05-04T12:58:35Z,62.24,
SCr Agency 1_SN only,SC,2020-08-14T16:08:58Z,54.00,2.97,2020-09-15T15:07:43Z,56.97,
TX Agency 10,TX,2019-06-25T20:33:41Z,65.00,3.58,2019-12-20T15:21:30Z,68.58,
TX Agency 10,TX,2019-06-25T20:34:07Z,65.00,3.58,2020-01-05T15:32:19Z,68.58,
TX Agency 10,TX,2019-06-25T20:34:07Z,65.00,3.58,2020-01-05T15:33:44Z,68.58,
TX Agency 10,TX,2019-07-15T19:48:13Z,65.00,3.58,2020-01-08T00:52:06Z,68.58,
TX Agency 10,TX,2019-07-15T19:48:13Z,65.00,3.58,2020-01-08T00:54:45Z,68.58,
TX Agency 10,TX,2019-07-15T19:48:54Z,65.00,3.58,2020-01-17T23:13:40Z,68.58,
TX Agency 10,TX,2019-07-15T19:48:54Z,65.00,3.58,2020-01-17T23:15:04Z,68.58,
TX Agency 10,TX,2019-07-16T20:44:21Z,65.00,3.58,2020-02-02T22:16:40Z,68.58,
TX Agency 10,TX,2019-07-16T20:44:21Z,65.00,3.58,2020-02-02T22:17:06Z,68.58,
TX Agency 10,TX,2019-07-17T16:50:30Z,65.00,3.58,2020-02-05T19:42:06Z,68.58,
TX Agency 10,TX,2019-07-19T17:11:11Z,75.00,4.12,2020-02-05T19:42:38Z,79.12,
TX Agency 10,TX,2019-07-19T17:13:17Z,75.00,4.12,2020-02-12T14:43:33Z,79.12,
TX Agency 10,TX,2019-07-19T17:13:17Z,75.00,4.12,2020-02-13T23:44:46Z,79.12,
TX Agency 10,TX,2019-07-19T17:13:17Z,75.00,4.12,2020-02-13T23:45:05Z,79.12,
TX Agency 10,TX,2019-07-19T17:13:17Z,75.00,4.12,2020-02-13T23:46:43Z,79.12,
TX Agency 10,TX,2019-07-19T17:20:13Z,75.00,4.12,2020-02-19T19:15:52Z,79.12,
TX Agency 10,TX,2019-07-19T17:38:58Z,75.00,4.12,2020-08-13T16:31:13Z,79.12,
TX Agency 10,TX,2019-07-19T17:38:58Z,75.00,4.12,2020-08-13T16:31:50Z,79.12,
TX Agency 10,TX,2019-07-22T17:06:42Z,75.00,4.12,2020-08-28T18:47:53Z,79.12,
TX Agency 10,TX,2019-07-22T17:06:42Z,75.00,4.12,2020-08-28T18:48:37Z,79.12,
TX Agency 10,TX,2019-07-29T18:21:39Z,75.00,4.12,2020-02-05T19:43:48Z,79.12,
TX Agency 10,TX,2019-10-16T16:23:19Z,75.00,4.12,2020-02-05T19:44:11Z,79.12,
TX Agency 10,TX,2019-12-26T16:51:12Z,75.00,4.12,2020-02-05T19:43:22Z,79.12,
TX Agency 7,TX,2019-11-22T17:04:48Z,136.00,7.48,2019-11-22T17:49:17Z,143.48,
TX Agency 9,TX,2018-09-11T15:15:12Z,63.14,3.47,2020-06-01T16:09:46Z,66.61,
TX Agency 9,TX,2018-09-11T15:23:54Z,63.14,3.47,2020-06-01T16:09:46Z,66.61,
TX Agency 9,TX,2018-09-11T15:24:28Z,63.14,3.47,2020-06-01T16:09:46Z,66.61,
TX Agency 9,TX,2018-09-11T15:25:06Z,63.14,3.47,2020-06-01T16:09:46Z,66.61,
TX Agency 9,TX,2018-09-11T15:25:56Z,63.14,3.47,2020-06-01T16:09:46Z,66.61,
TX Agency 9,TX,2018-09-11T15:26:35Z,63.14,3.47,2020-06-01T16:09:46Z,66.61,
TX Agency 9,TX,2018-09-11T15:32:03Z,63.14,3.47,2020-06-01T16:09:46Z,66.61,
TX Agency 9,TX,2018-10-15T20:31:46Z,66.61,3.66,2020-06-01T16:09:46Z,70.27,
TX Agency 9,TX,2018-10-15T20:32:16Z,66.61,3.66,2020-06-01T16:09:46Z,70.27,